<?xml version="1.0" encoding="UTF-8"?>
<!--创建约束-->
<beans xmlns="http://www.springframework.org/schema/beans"
       xmlns:xsi="http://www.w3.org/2001/XMLSchema-instance"
       xmlns:context="http://www.springframework.org/schema/context"
       xmlns:mvc="http://www.springframework.org/schema/mvc"
       xsi:schemaLocation="http://www.springframework.org/schema/beans
        http://www.springframework.org/schema/beans/spring-beans.xsd
        http://www.springframework.org/schema/context
        https://www.springframework.org/schema/context/spring-context.xsd
        http://www.springframework.org/schema/mvc
        http://www.springframework.org/schema/mvc/spring-mvc.xsd">

    <!-- SpringMVC只是控制网站跳转逻辑 -->
    <!--只扫描控制器-->
    <context:component-scan base-package="com.ahhTou" use-default-filters="false">
        <context:include-filter type="annotation" expression="org.springframework.stereotype.Controller"/>
    </context:component-scan>

    <!--视图解析器-->
    <bean class="org.springframework.web.servlet.view.InternalResourceViewResolver">
        <property name="prefix" value="/WEB-INF/pages"/>
        <property name="suffix" value=".jsp"/>
    </bean>

    <mvc:annotation-driven/>
    <mvc:default-servlet-handler/>
    <mvc:resources mapping="/static/**" location="/WEB-INF/"/>
    <mvc:resources location="/image/" mapping="/image/**"/>

    <mvc:interceptors>
        <mvc:interceptor>
            <mvc:mapping path="/**"/>
            <mvc:exclude-mapping path="/login/**"/>
            <bean class="com.ahhTou.interceptor.Authorized"/>
        </mvc:interceptor>
    </mvc:interceptors>
</beans>